Workbook

Sheet Sheet1
A1: 종목코드
A2: 000880 | B2: =VLOOKUP(A2,직전4분기!$A:$C,3,FALSE) -> 한화
A3: 287410 | B3: =VLOOKUP(A3,직전4분기!$A:$C,3,FALSE) -> 제이시스메디칼
A4: 383220 | B4: =VLOOKUP(A4,직전4분기!$A:$C,3,FALSE) -> F&F
A5: 009970 | B5: =VLOOKUP(A5,직전4분기!$A:$C,3,FALSE) -> 영원무역홀딩스
A6: 010060 | B6: =VLOOKUP(A6,직전4분기!$A:$C,3,FALSE) -> OCI홀딩스
A7: 032640 | B7: =VLOOKUP(A7,직전4분기!$A:$C,3,FALSE) -> LG유플러스
A8: 195870 | B8: =VLOOKUP(A8,직전4분기!$A:$C,3,FALSE) -> 해성디에스

Sheet 직전4분기
A1: 종목코드
A2: 000880 | B2: =VLOOKUP(A2,'최근년도 공시'!$A$2:$B$16,2,FALSE) -> 1 | C2: 한화
A3: 006120 | B3: =VLOOKUP(A3,'최근년도 공시'!$A$2:$B$16,2,FALSE) -> #N/A | C3: SK디스커버리
A4: 035900 | B4: =VLOOKUP(A4,'최근년도 공시'!$A$2:$B$16,2,FALSE) -> #N/A | C4: JYP Ent.
A5: 039130 | B5: =VLOOKUP(A5,'최근년도 공시'!$A$2:$B$16,2,FALSE) -> #N/A | C5: 하나투어
A6: 067160 | B6: =VLOOKUP(A6,'최근년도 공시'!$A$2:$B$16,2,FALSE) -> #N/A | C6: 아프리카TV
A7: 215200 | B7: =VLOOKUP(A7,'최근년도 공시'!$A$2:$B$16,2,FALSE) -> #N/A | C7: 메가스터디교육
A8: 287410 | B8: =VLOOKUP(A8,'최근년도 공시'!$A$2:$B$16,2,FALSE) -> 3 | C8: 제이시스메디칼
A9: 336570 | B9: =VLOOKUP(A9,'최근년도 공시'!$A$2:$B$16,2,FALSE) -> #N/A | C9: 원텍
A10: 383220 | B10: =VLOOKUP(A10,'최근년도 공시'!$A$2:$B$16,2,FALSE) -> 5 | C10: F&F
A11: 383310 | B11: =VLOOKUP(A11,'최근년도 공시'!$A$2:$B$16,2,FALSE) -> #N/A | C11: 에코프로에이치엔
A12: 403870 | B12: =VLOOKUP(A12,'최근년도 공시'!$A$2:$B$16,2,FALSE) -> #N/A | C12: HPSP
A13: 003030 | B13: =VLOOKUP(A13,'최근년도 공시'!$A$2:$B$16,2,FALSE) -> #N/A | C13: 세아제강지주
... A22: 195870 | B22: =VLOOKUP(A22,'최근년도 공시'!$A$2:$B$16,2,FALSE) -> 14 | C22: 해성디에스

Sheet 최근년도 공시
A1: 종목코드
A2: 000880 | B2: 1 | C2: 한화
A3: 011200 | B3: 2 | C3: HMM
A4: 287410 | B4: 3 | C4: 제이시스메디칼
A5: 348210 | B5: 4 | C5: 넥스틴
A6: 383220 | B6: 5 | C6: F&F
A7: 000990 | B7: 6 | C7: DB하이텍
A8: 011200 | B8: 7 | C8: HMM
A9: 137310 | B9: 8 | C9: 에스디바이오센서
A10: 009970 | B10: 9 | C10: 영원무역홀딩스
A11: 010060 | B11: 10 | C11: OCI홀딩스
A12: 032640 | B12: 11 | C12: LG유플러스
A13: 078930 | B13: 12 | C13: GS
... A16: 353200 | B16: 15 | C16: 대덕전자

Sheet k-ratio
A1: 종목코드 | B1: 종목명 | C1: 구분
A2: 660 | B2: SK하이닉스 | C2: k_ratio_12
A3: 9420 | B3: 한올바이오파마 | C3: k_ratio_12
A4: 18290 | B4: 브이티 | C4: k_ratio_12
A5: 22100 | B5: 포스코DX | C5: k_ratio_12
A6: 31980 | B6: 피에스케이홀딩스 | C6: k_ratio_12
A7: 36930 | B7: 주성엔지니어링 | C7: k_ratio_12
A8: 39030 | B8: 이오테크닉스 | C8: k_ratio_12
A9: 42700 | B9: 한미반도체 | C9: k_ratio_12
A10: 67310 | B10: 하나마이크론 | C10: k_ratio_12
A11: 85620 | B11: 미래에셋생명 | C11: k_ratio_12
A12: 94360 | B12: 칩스앤미디어 | C12: k_ratio_12
A13: 204270 | B13: 제이앤티씨 | C13: k_ratio_12
... A30: 348370 | B30: 엔켐 | C30: k_ratio_3

Sheet Sheet3
A1: 종목코드 | C1: 종목코드
A2: 660 | C2: 660
A3: 9420 | C3: 9420
A4: 18290 | C4: 18290
A5: 22100 | C5: 22100
A6: 31980 | C6: 31980
A7: 36930 | C7: 36930
A8: 39030 | C8: 39030
A9: 42700 | C9: 42700
A10: 67310 | C10: 67310
A11: 85620 | C11: 85620
A12: 94360 | C12: 94360
A13: 204270 | C13: 204270
... A28: 348370 | C28: 67160
C29: 80220
C30: 348370
